<?xml version="1.0"?>
<font>
  <info face="Fredoka One" size="256" bold="0" italic="0" charset="" unicode="1" stretchH="100" smooth="1" aa="1" padding="5,5,5,5" spacing="5,5" outline="0"/>
  <common lineHeight="256" base="206" scaleW="3000" scaleH="2000" pages="1" packed="0" alphaChnl="0" redChnl="4" greenChnl="4" blueChnl="4"/>
  <pages>
    <page id="0" file="custom_0.png" />
  </pages>
  <chars count="228">
    <char id="32" x="2980" y="0" width="11" height="11" xoffset="-5" yoffset="-5" xadvance="54" page="0" chnl="15" />
    <char id="33" x="2490" y="975" width="51" height="168" xoffset="3" yoffset="44" xadvance="56" page="0" chnl="15" />
    <char id="34" x="2293" y="1460" width="91" height="86" xoffset="0" yoffset="45" xadvance="91" page="0" chnl="15" />
    <char id="35" x="54" y="1360" width="164" height="165" xoffset="-3" yoffset="46" xadvance="158" page="0" chnl="15" />
    <char id="36" x="0" y="454" width="101" height="193" xoffset="0" yoffset="36" xadvance="100" page="0" chnl="15" />
    <char id="37" x="1040" y="449" width="172" height="184" xoffset="3" yoffset="34" xadvance="177" page="0" chnl="15" />
    <char id="38" x="1622" y="634" width="159" height="175" xoffset="0" yoffset="38" xadvance="158" page="0" chnl="15" />
    <char id="39" x="2948" y="580" width="45" height="86" xoffset="0" yoffset="45" xadvance="44" page="0" chnl="15" />
    <char id="40" x="492" y="0" width="83" height="224" xoffset="1" yoffset="36" xadvance="81" page="0" chnl="15" />
    <char id="41" x="403" y="0" width="84" height="224" xoffset="-3" yoffset="36" xadvance="81" page="0" chnl="15" />
    <char id="42" x="1598" y="1473" width="112" height="108" xoffset="-3" yoffset="43" xadvance="106" page="0" chnl="15" />
    <char id="43" x="1365" y="1475" width="112" height="112" xoffset="0" yoffset="92" xadvance="111" page="0" chnl="15" />
    <char id="44" x="2881" y="1446" width="51" height="84" xoffset="0" yoffset="161" xadvance="50" page="0" chnl="15" />
    <char id="45" x="1918" y="1565" width="92" height="44" xoffset="0" yoffset="138" xadvance="92" page="0" chnl="15" />
    <char id="46" x="1181" y="1605" width="51" height="51" xoffset="0" yoffset="161" xadvance="50" page="0" chnl="15" />
    <char id="47" x="659" y="449" width="117" height="188" xoffset="-3" yoffset="35" xadvance="111" page="0" chnl="15" />
    <char id="48" x="2583" y="799" width="129" height="171" xoffset="0" yoffset="43" xadvance="129" page="0" chnl="15" />
    <char id="49" x="450" y="1184" width="87" height="167" xoffset="-3" yoffset="45" xadvance="86" page="0" chnl="15" />
    <char id="50" x="1342" y="997" width="132" height="169" xoffset="0" yoffset="43" xadvance="129" page="0" chnl="15" />
    <char id="51" x="2717" y="799" width="129" height="171" xoffset="0" yoffset="43" xadvance="129" page="0" chnl="15" />
    <char id="52" x="319" y="1188" width="126" height="167" xoffset="-3" yoffset="44" xadvance="125" page="0" chnl="15" />
    <char id="53" x="1976" y="989" width="116" height="169" xoffset="-3" yoffset="45" xadvance="112" page="0" chnl="15" />
    <char id="54" x="1606" y="992" width="119" height="169" xoffset="0" yoffset="45" xadvance="118" page="0" chnl="15" />
    <char id="55" x="2741" y="1147" width="124" height="166" xoffset="-3" yoffset="45" xadvance="119" page="0" chnl="15" />
    <char id="56" x="1838" y="813" width="124" height="172" xoffset="0" yoffset="42" xadvance="123" page="0" chnl="15" />
    <char id="57" x="1730" y="991" width="119" height="169" xoffset="0" yoffset="43" xadvance="118" page="0" chnl="15" />
    <char id="58" x="1309" y="1475" width="51" height="118" xoffset="0" yoffset="94" xadvance="50" page="0" chnl="15" />
    <char id="59" x="733" y="1350" width="51" height="151" xoffset="0" yoffset="94" xadvance="50" page="0" chnl="15" />
    <char id="60" x="446" y="1360" width="139" height="156" xoffset="-3" yoffset="55" xadvance="133" page="0" chnl="15" />
    <char id="61" x="2094" y="1466" width="102" height="87" xoffset="0" yoffset="115" xadvance="101" page="0" chnl="15" />
    <char id="62" x="590" y="1350" width="138" height="156" xoffset="-3" yoffset="55" xadvance="133" page="0" chnl="15" />
    <char id="63" x="252" y="1012" width="112" height="171" xoffset="-3" yoffset="41" xadvance="108" page="0" chnl="15" />
    <char id="64" x="1959" y="445" width="193" height="180" xoffset="0" yoffset="59" xadvance="192" page="0" chnl="15" />
    <char id="65" x="860" y="1002" width="168" height="169" xoffset="-3" yoffset="45" xadvance="162" page="0" chnl="15" />
    <char id="66" x="2055" y="1163" width="134" height="166" xoffset="3" yoffset="45" xadvance="137" page="0" chnl="15" />
    <char id="67" x="369" y="1009" width="144" height="170" xoffset="0" yoffset="44" xadvance="144" page="0" chnl="15" />
    <char id="68" x="1605" y="1170" width="147" height="166" xoffset="3" yoffset="45" xadvance="149" page="0" chnl="15" />
    <char id="69" x="2194" y="1158" width="133" height="166" xoffset="3" yoffset="45" xadvance="135" page="0" chnl="15" />
    <char id="70" x="2332" y="1158" width="132" height="166" xoffset="3" yoffset="45" xadvance="135" page="0" chnl="15" />
    <char id="71" x="1684" y="814" width="149" height="172" xoffset="0" yoffset="42" xadvance="151" page="0" chnl="15" />
    <char id="72" x="1908" y="1164" width="142" height="166" xoffset="3" yoffset="45" xadvance="148" page="0" chnl="15" />
    <char id="73" x="0" y="1360" width="49" height="166" xoffset="3" yoffset="45" xadvance="54" page="0" chnl="15" />
    <char id="74" x="1854" y="990" width="117" height="169" xoffset="-3" yoffset="45" xadvance="116" page="0" chnl="15" />
    <char id="75" x="2447" y="799" width="131" height="171" xoffset="3" yoffset="43" xadvance="135" page="0" chnl="15" />
    <char id="76" x="2870" y="1147" width="122" height="166" xoffset="3" yoffset="45" xadvance="124" page="0" chnl="15" />
    <char id="77" x="779" y="1179" width="179" height="166" xoffset="3" yoffset="45" xadvance="184" page="0" chnl="15" />
    <char id="78" x="1453" y="1171" width="147" height="166" xoffset="3" yoffset="45" xadvance="152" page="0" chnl="15" />
    <char id="79" x="2277" y="804" width="165" height="171" xoffset="0" yoffset="43" xadvance="164" page="0" chnl="15" />
    <char id="80" x="2469" y="1153" width="131" height="166" xoffset="3" yoffset="45" xadvance="134" page="0" chnl="15" />
    <char id="81" x="2093" y="809" width="179" height="171" xoffset="0" yoffset="43" xadvance="176" page="0" chnl="15" />
    <char id="82" x="2352" y="980" width="133" height="168" xoffset="3" yoffset="45" xadvance="133" page="0" chnl="15" />
    <char id="83" x="2851" y="798" width="124" height="171" xoffset="0" yoffset="43" xadvance="123" page="0" chnl="15" />
    <char id="84" x="1133" y="1172" width="161" height="166" xoffset="-3" yoffset="45" xadvance="155" page="0" chnl="15" />
    <char id="85" x="1189" y="998" width="148" height="169" xoffset="3" yoffset="45" xadvance="154" page="0" chnl="15" />
    <char id="86" x="0" y="1188" width="172" height="167" xoffset="-3" yoffset="44" xadvance="166" page="0" chnl="15" />
    <char id="87" x="2602" y="975" width="217" height="167" xoffset="-3" yoffset="44" xadvance="211" page="0" chnl="15" />
    <char id="88" x="1367" y="818" width="163" height="173" xoffset="-3" yoffset="41" xadvance="157" page="0" chnl="15" />
    <char id="89" x="1033" y="998" width="151" height="169" xoffset="-3" yoffset="43" xadvance="145" page="0" chnl="15" />
    <char id="90" x="177" y="1188" width="137" height="167" xoffset="0" yoffset="45" xadvance="136" page="0" chnl="15" />
    <char id="91" x="976" y="0" width="73" height="222" xoffset="3" yoffset="37" xadvance="74" page="0" chnl="15" />
    <char id="92" x="537" y="451" width="117" height="188" xoffset="-3" yoffset="35" xadvance="112" page="0" chnl="15" />
    <char id="93" x="897" y="0" width="74" height="222" xoffset="-3" yoffset="37" xadvance="74" page="0" chnl="15" />
    <char id="94" x="122" y="1658" width="105" height="74" xoffset="3" yoffset="85" xadvance="111" page="0" chnl="15" />
    <char id="95" x="2015" y="1563" width="181" height="40" xoffset="-3" yoffset="220" xadvance="175" page="0" chnl="15" />
    <char id="96" x="645" y="1648" width="74" height="54" xoffset="15" yoffset="37" xadvance="102" page="0" chnl="15" />
    <char id="97" x="567" y="1521" width="124" height="122" xoffset="0" yoffset="89" xadvance="126" page="0" chnl="15" />
    <char id="98" x="128" y="833" width="123" height="174" xoffset="3" yoffset="37" xadvance="125" page="0" chnl="15" />
    <char id="99" x="2762" y="1318" width="110" height="124" xoffset="0" yoffset="88" xadvance="109" page="0" chnl="15" />
    <char id="100" x="640" y="825" width="123" height="174" xoffset="1" yoffset="37" xadvance="127" page="0" chnl="15" />
    <char id="101" x="1441" y="1343" width="122" height="127" xoffset="0" yoffset="87" xadvance="121" page="0" chnl="15" />
    <char id="102" x="1105" y="638" width="101" height="176" xoffset="-3" yoffset="36" xadvance="95" page="0" chnl="15" />
    <char id="103" x="1967" y="812" width="121" height="172" xoffset="0" yoffset="88" xadvance="124" page="0" chnl="15" />
    <char id="104" x="896" y="819" width="123" height="174" xoffset="3" yoffset="37" xadvance="128" page="0" chnl="15" />
    <char id="105" x="1314" y="818" width="48" height="174" xoffset="3" yoffset="37" xadvance="54" page="0" chnl="15" />
    <char id="106" x="807" y="0" width="85" height="222" xoffset="-34" yoffset="37" xadvance="53" page="0" chnl="15" />
    <char id="107" x="2802" y="437" width="113" height="177" xoffset="3" yoffset="36" xadvance="113" page="0" chnl="15" />
    <char id="108" x="2920" y="221" width="69" height="175" xoffset="3" yoffset="36" xadvance="69" page="0" chnl="15" />
    <char id="109" x="257" y="1530" width="175" height="122" xoffset="3" yoffset="89" xadvance="180" page="0" chnl="15" />
    <char id="110" x="824" y="1504" width="123" height="122" xoffset="3" yoffset="89" xadvance="128" page="0" chnl="15" />
    <char id="111" x="1308" y="1343" width="128" height="127" xoffset="0" yoffset="86" xadvance="127" page="0" chnl="15" />
    <char id="112" x="0" y="1012" width="121" height="171" xoffset="3" yoffset="89" xadvance="123" page="0" chnl="15" />
    <char id="113" x="126" y="1012" width="121" height="171" xoffset="0" yoffset="89" xadvance="123" page="0" chnl="15" />
    <char id="114" x="2877" y="1318" width="96" height="123" xoffset="3" yoffset="88" xadvance="97" page="0" chnl="15" />
    <char id="115" x="2122" y="1334" width="104" height="126" xoffset="0" yoffset="87" xadvance="103" page="0" chnl="15" />
    <char id="116" x="340" y="1360" width="101" height="160" xoffset="-3" yoffset="51" xadvance="95" page="0" chnl="15" />
    <char id="117" x="696" y="1511" width="123" height="122" xoffset="3" yoffset="89" xadvance="128" page="0" chnl="15" />
    <char id="118" x="2333" y="1329" width="141" height="125" xoffset="-3" yoffset="87" xadvance="135" page="0" chnl="15" />
    <char id="119" x="2583" y="1324" width="174" height="124" xoffset="-3" yoffset="88" xadvance="168" page="0" chnl="15" />
    <char id="120" x="1766" y="1336" width="126" height="126" xoffset="-3" yoffset="87" xadvance="120" page="0" chnl="15" />
    <char id="121" x="1896" y="633" width="134" height="174" xoffset="-3" yoffset="87" xadvance="128" page="0" chnl="15" />
    <char id="122" x="437" y="1525" width="125" height="122" xoffset="0" yoffset="89" xadvance="124" page="0" chnl="15" />
    <char id="123" x="716" y="0" width="86" height="222" xoffset="-3" yoffset="37" xadvance="81" page="0" chnl="15" />
    <char id="124" x="580" y="0" width="40" height="224" xoffset="3" yoffset="37" xadvance="46" page="0" chnl="15" />
    <char id="125" x="625" y="0" width="86" height="222" xoffset="-3" yoffset="37" xadvance="81" page="0" chnl="15" />
    <char id="126" x="381" y="1657" width="122" height="58" xoffset="5" yoffset="120" xadvance="138" page="0" chnl="15" />
    <char id="161" x="2546" y="975" width="51" height="168" xoffset="3" yoffset="92" xadvance="57" page="0" chnl="15" />
    <char id="162" x="763" y="1004" width="92" height="170" xoffset="0" yoffset="59" xadvance="92" page="0" chnl="15" />
    <char id="163" x="1299" y="1172" width="149" height="166" xoffset="-3" yoffset="45" xadvance="143" page="0" chnl="15" />
    <char id="164" x="1535" y="814" width="144" height="173" xoffset="0" yoffset="37" xadvance="143" page="0" chnl="15" />
    <char id="165" x="2824" y="975" width="149" height="167" xoffset="-3" yoffset="44" xadvance="143" page="0" chnl="15" />
    <char id="166" x="1054" y="0" width="40" height="222" xoffset="3" yoffset="37" xadvance="45" page="0" chnl="15" />
    <char id="167" x="1099" y="0" width="119" height="221" xoffset="0" yoffset="38" xadvance="118" page="0" chnl="15" />
    <char id="168" x="1338" y="1598" width="106" height="48" xoffset="3" yoffset="37" xadvance="103" page="0" chnl="15" />
    <char id="169" x="945" y="1350" width="151" height="149" xoffset="0" yoffset="42" xadvance="150" page="0" chnl="15" />
    <char id="170" x="1997" y="1467" width="92" height="91" xoffset="0" yoffset="49" xadvance="94" page="0" chnl="15" />
    <char id="171" x="1157" y="1479" width="147" height="121" xoffset="-3" yoffset="90" xadvance="141" page="0" chnl="15" />
    <char id="172" x="0" y="1659" width="117" height="78" xoffset="-3" yoffset="107" xadvance="111" page="0" chnl="15" />
    <char id="174" x="789" y="1350" width="151" height="149" xoffset="0" yoffset="42" xadvance="150" page="0" chnl="15" />
    <char id="176" x="2201" y="1465" width="87" height="87" xoffset="0" yoffset="38" xadvance="86" page="0" chnl="15" />
    <char id="177" x="1897" y="1336" width="108" height="126" xoffset="0" yoffset="85" xadvance="107" page="0" chnl="15" />
    <char id="178" x="2479" y="1324" width="99" height="125" xoffset="0" yoffset="41" xadvance="96" page="0" chnl="15" />
    <char id="179" x="2231" y="1329" width="97" height="126" xoffset="0" yoffset="41" xadvance="97" page="0" chnl="15" />
    <char id="180" x="566" y="1652" width="74" height="54" xoffset="26" yoffset="37" xadvance="128" page="0" chnl="15" />
    <char id="181" x="1479" y="996" width="122" height="169" xoffset="3" yoffset="89" xadvance="127" page="0" chnl="15" />
    <char id="182" x="106" y="454" width="123" height="190" xoffset="1" yoffset="71" xadvance="130" page="0" chnl="15" />
    <char id="183" x="1125" y="1630" width="51" height="51" xoffset="0" yoffset="115" xadvance="50" page="0" chnl="15" />
    <char id="184" x="508" y="1652" width="53" height="58" xoffset="32" yoffset="194" xadvance="118" page="0" chnl="15" />
    <char id="185" x="184" y="1530" width="68" height="123" xoffset="-3" yoffset="43" xadvance="68" page="0" chnl="15" />
    <char id="186" x="1898" y="1467" width="94" height="93" xoffset="0" yoffset="50" xadvance="93" page="0" chnl="15" />
    <char id="187" x="1005" y="1504" width="147" height="121" xoffset="-3" yoffset="90" xadvance="142" page="0" chnl="15" />
    <char id="188" x="1552" y="445" width="155" height="184" xoffset="5" yoffset="34" xadvance="166" page="0" chnl="15" />
    <char id="189" x="1389" y="445" width="158" height="184" xoffset="5" yoffset="34" xadvance="170" page="0" chnl="15" />
    <char id="190" x="1217" y="449" width="167" height="184" xoffset="5" yoffset="34" xadvance="178" page="0" chnl="15" />
    <char id="191" x="647" y="1004" width="111" height="170" xoffset="0" yoffset="88" xadvance="108" page="0" chnl="15" />
    <char id="192" x="282" y="229" width="168" height="217" xoffset="-3" yoffset="-3" xadvance="162" page="0" chnl="15" />
    <char id="193" x="1742" y="0" width="168" height="219" xoffset="-3" yoffset="-5" xadvance="162" page="0" chnl="15" />
    <char id="194" x="1569" y="0" width="168" height="219" xoffset="-3" yoffset="-5" xadvance="162" page="0" chnl="15" />
    <char id="195" x="1396" y="0" width="168" height="219" xoffset="-3" yoffset="-5" xadvance="162" page="0" chnl="15" />
    <char id="196" x="1223" y="0" width="168" height="219" xoffset="-3" yoffset="-5" xadvance="162" page="0" chnl="15" />
    <char id="197" x="2747" y="224" width="168" height="208" xoffset="-3" yoffset="6" xadvance="162" page="0" chnl="15" />
    <char id="198" x="2097" y="985" width="250" height="168" xoffset="-6" yoffset="45" xadvance="243" page="0" chnl="15" />
    <char id="199" x="2354" y="224" width="144" height="209" xoffset="0" yoffset="43" xadvance="144" page="0" chnl="15" />
    <char id="200" x="2137" y="224" width="133" height="214" xoffset="3" yoffset="-3" xadvance="135" page="0" chnl="15" />
    <char id="201" x="1660" y="224" width="133" height="216" xoffset="3" yoffset="-5" xadvance="135" page="0" chnl="15" />
    <char id="202" x="1522" y="224" width="133" height="216" xoffset="3" yoffset="-5" xadvance="135" page="0" chnl="15" />
    <char id="203" x="1384" y="224" width="133" height="216" xoffset="3" yoffset="-5" xadvance="135" page="0" chnl="15" />
    <char id="204" x="2275" y="224" width="74" height="214" xoffset="-16" yoffset="-3" xadvance="56" page="0" chnl="15" />
    <char id="205" x="2901" y="0" width="74" height="216" xoffset="-1" yoffset="-5" xadvance="57" page="0" chnl="15" />
    <char id="206" x="2035" y="224" width="97" height="216" xoffset="-20" yoffset="-5" xadvance="57" page="0" chnl="15" />
    <char id="207" x="1924" y="224" width="106" height="216" xoffset="-24" yoffset="-5" xadvance="57" page="0" chnl="15" />
    <char id="208" x="963" y="1176" width="165" height="166" xoffset="0" yoffset="45" xadvance="164" page="0" chnl="15" />
    <char id="209" x="1232" y="224" width="147" height="216" xoffset="3" yoffset="-5" xadvance="152" page="0" chnl="15" />
    <char id="210" x="455" y="229" width="165" height="217" xoffset="0" yoffset="-3" xadvance="164" page="0" chnl="15" />
    <char id="211" x="2255" y="0" width="165" height="219" xoffset="0" yoffset="-5" xadvance="164" page="0" chnl="15" />
    <char id="212" x="2425" y="0" width="165" height="219" xoffset="0" yoffset="-5" xadvance="164" page="0" chnl="15" />
    <char id="213" x="1915" y="0" width="165" height="219" xoffset="0" yoffset="-5" xadvance="164" page="0" chnl="15" />
    <char id="214" x="2085" y="0" width="165" height="219" xoffset="0" yoffset="-5" xadvance="164" page="0" chnl="15" />
    <char id="215" x="1482" y="1475" width="111" height="110" xoffset="0" yoffset="95" xadvance="110" page="0" chnl="15" />
    <char id="216" x="234" y="453" width="165" height="188" xoffset="0" yoffset="35" xadvance="164" page="0" chnl="15" />
    <char id="217" x="937" y="227" width="148" height="217" xoffset="3" yoffset="-3" xadvance="154" page="0" chnl="15" />
    <char id="218" x="2595" y="0" width="148" height="219" xoffset="3" yoffset="-5" xadvance="154" page="0" chnl="15" />
    <char id="219" x="2748" y="0" width="148" height="219" xoffset="3" yoffset="-5" xadvance="154" page="0" chnl="15" />
    <char id="220" x="0" y="230" width="148" height="219" xoffset="3" yoffset="-5" xadvance="154" page="0" chnl="15" />
    <char id="221" x="781" y="227" width="151" height="217" xoffset="-3" yoffset="-5" xadvance="145" page="0" chnl="15" />
    <char id="222" x="2605" y="1147" width="131" height="166" xoffset="3" yoffset="45" xadvance="134" page="0" chnl="15" />
    <char id="223" x="2157" y="443" width="132" height="177" xoffset="3" yoffset="41" xadvance="134" page="0" chnl="15" />
    <char id="224" x="2303" y="625" width="124" height="174" xoffset="0" yoffset="37" xadvance="126" page="0" chnl="15" />
    <char id="225" x="2819" y="619" width="124" height="174" xoffset="0" yoffset="37" xadvance="126" page="0" chnl="15" />
    <char id="226" x="2690" y="620" width="124" height="174" xoffset="0" yoffset="37" xadvance="126" page="0" chnl="15" />
    <char id="227" x="2561" y="620" width="124" height="174" xoffset="0" yoffset="37" xadvance="126" page="0" chnl="15" />
    <char id="228" x="2432" y="620" width="124" height="174" xoffset="0" yoffset="37" xadvance="126" page="0" chnl="15" />
    <char id="229" x="518" y="1004" width="124" height="170" xoffset="0" yoffset="41" xadvance="126" page="0" chnl="15" />
    <char id="230" x="1568" y="1342" width="193" height="126" xoffset="0" yoffset="87" xadvance="193" page="0" chnl="15" />
    <char id="231" x="223" y="1360" width="112" height="165" xoffset="0" yoffset="87" xadvance="111" page="0" chnl="15" />
    <char id="232" x="2548" y="438" width="122" height="177" xoffset="0" yoffset="37" xadvance="121" page="0" chnl="15" />
    <char id="233" x="2421" y="438" width="122" height="177" xoffset="0" yoffset="37" xadvance="121" page="0" chnl="15" />
    <char id="234" x="2294" y="443" width="122" height="177" xoffset="0" yoffset="37" xadvance="121" page="0" chnl="15" />
    <char id="235" x="2675" y="438" width="122" height="177" xoffset="0" yoffset="37" xadvance="121" page="0" chnl="15" />
    <char id="236" x="2920" y="401" width="74" height="174" xoffset="-16" yoffset="37" xadvance="54" page="0" chnl="15" />
    <char id="237" x="1236" y="818" width="73" height="174" xoffset="-2" yoffset="37" xadvance="54" page="0" chnl="15" />
    <char id="238" x="1135" y="819" width="96" height="174" xoffset="-21" yoffset="37" xadvance="54" page="0" chnl="15" />
    <char id="239" x="1024" y="819" width="106" height="174" xoffset="-26" yoffset="37" xadvance="54" page="0" chnl="15" />
    <char id="240" x="1712" y="445" width="124" height="183" xoffset="0" yoffset="30" xadvance="124" page="0" chnl="15" />
    <char id="241" x="512" y="825" width="123" height="174" xoffset="3" yoffset="37" xadvance="128" page="0" chnl="15" />
    <char id="242" x="597" y="644" width="128" height="176" xoffset="0" yoffset="37" xadvance="127" page="0" chnl="15" />
    <char id="243" x="730" y="642" width="128" height="176" xoffset="0" yoffset="37" xadvance="127" page="0" chnl="15" />
    <char id="244" x="464" y="644" width="128" height="176" xoffset="0" yoffset="37" xadvance="127" page="0" chnl="15" />
    <char id="245" x="331" y="646" width="128" height="176" xoffset="0" yoffset="37" xadvance="127" page="0" chnl="15" />
    <char id="246" x="863" y="638" width="128" height="176" xoffset="0" yoffset="37" xadvance="127" page="0" chnl="15" />
    <char id="247" x="2010" y="1335" width="107" height="126" xoffset="0" yoffset="85" xadvance="106" page="0" chnl="15" />
    <char id="248" x="404" y="451" width="128" height="188" xoffset="0" yoffset="56" xadvance="127" page="0" chnl="15" />
    <char id="249" x="256" y="830" width="123" height="174" xoffset="3" yoffset="37" xadvance="128" page="0" chnl="15" />
    <char id="250" x="384" y="827" width="123" height="174" xoffset="3" yoffset="37" xadvance="128" page="0" chnl="15" />
    <char id="251" x="0" y="833" width="123" height="174" xoffset="3" yoffset="37" xadvance="128" page="0" chnl="15" />
    <char id="252" x="768" y="823" width="123" height="174" xoffset="3" yoffset="37" xadvance="128" page="0" chnl="15" />
    <char id="253" x="125" y="0" width="134" height="224" xoffset="-3" yoffset="37" xadvance="128" page="0" chnl="15" />
    <char id="254" x="0" y="0" width="120" height="225" xoffset="3" yoffset="34" xadvance="123" page="0" chnl="15" />
    <char id="255" x="264" y="0" width="134" height="224" xoffset="-3" yoffset="37" xadvance="128" page="0" chnl="15" />
    <char id="305" x="952" y="1504" width="48" height="122" xoffset="3" yoffset="89" xadvance="54" page="0" chnl="15" />
    <char id="321" x="1757" y="1165" width="146" height="166" xoffset="0" yoffset="45" xadvance="145" page="0" chnl="15" />
    <char id="322" x="1786" y="633" width="105" height="175" xoffset="-3" yoffset="36" xadvance="99" page="0" chnl="15" />
    <char id="338" x="542" y="1179" width="232" height="166" xoffset="0" yoffset="45" xadvance="231" page="0" chnl="15" />
    <char id="339" x="1101" y="1347" width="202" height="127" xoffset="-1" yoffset="87" xadvance="200" page="0" chnl="15" />
    <char id="352" x="153" y="229" width="124" height="219" xoffset="0" yoffset="-5" xadvance="123" page="0" chnl="15" />
    <char id="353" x="996" y="638" width="104" height="176" xoffset="0" yoffset="37" xadvance="103" page="0" chnl="15" />
    <char id="376" x="625" y="227" width="151" height="217" xoffset="-3" yoffset="-5" xadvance="145" page="0" chnl="15" />
    <char id="381" x="1090" y="227" width="137" height="217" xoffset="0" yoffset="-5" xadvance="136" page="0" chnl="15" />
    <char id="382" x="2173" y="625" width="125" height="174" xoffset="0" yoffset="37" xadvance="124" page="0" chnl="15" />
    <char id="402" x="1798" y="224" width="121" height="216" xoffset="-6" yoffset="43" xadvance="112" page="0" chnl="15" />
    <char id="710" x="1024" y="1630" width="96" height="51" xoffset="16" yoffset="37" xadvance="128" page="0" chnl="15" />
    <char id="711" x="923" y="1631" width="96" height="51" xoffset="16" yoffset="37" xadvance="127" page="0" chnl="15" />
    <char id="729" x="1449" y="1592" width="49" height="48" xoffset="7" yoffset="14" xadvance="60" page="0" chnl="15" />
    <char id="730" x="310" y="1657" width="66" height="65" xoffset="7" yoffset="6" xadvance="80" page="0" chnl="15" />
    <char id="731" x="2937" y="1446" width="54" height="58" xoffset="31" yoffset="194" xadvance="121" page="0" chnl="15" />
    <char id="732" x="1237" y="1605" width="96" height="49" xoffset="11" yoffset="37" xadvance="124" page="0" chnl="15" />
    <char id="8211" x="1660" y="1586" width="124" height="45" xoffset="-3" yoffset="125" xadvance="119" page="0" chnl="15" />
    <char id="8212" x="1503" y="1590" width="152" height="45" xoffset="-3" yoffset="125" xadvance="147" page="0" chnl="15" />
    <char id="8216" x="2713" y="1453" width="51" height="84" xoffset="0" yoffset="45" xadvance="50" page="0" chnl="15" />
    <char id="8217" x="2769" y="1447" width="51" height="84" xoffset="0" yoffset="45" xadvance="50" page="0" chnl="15" />
    <char id="8218" x="2825" y="1447" width="51" height="84" xoffset="0" yoffset="161" xadvance="50" page="0" chnl="15" />
    <char id="8220" x="2497" y="1454" width="103" height="84" xoffset="0" yoffset="45" xadvance="102" page="0" chnl="15" />
    <char id="8221" x="2389" y="1459" width="103" height="84" xoffset="0" yoffset="45" xadvance="102" page="0" chnl="15" />
    <char id="8222" x="2605" y="1453" width="103" height="84" xoffset="0" yoffset="161" xadvance="102" page="0" chnl="15" />
    <char id="8224" x="2625" y="224" width="117" height="209" xoffset="-3" yoffset="42" xadvance="111" page="0" chnl="15" />
    <char id="8225" x="2503" y="224" width="117" height="209" xoffset="-3" yoffset="42" xadvance="111" page="0" chnl="15" />
    <char id="8226" x="232" y="1658" width="73" height="72" xoffset="0" yoffset="103" xadvance="72" page="0" chnl="15" />
    <char id="8230" x="724" y="1638" width="194" height="51" xoffset="0" yoffset="161" xadvance="193" page="0" chnl="15" />
    <char id="8240" x="781" y="449" width="254" height="184" xoffset="3" yoffset="34" xadvance="259" page="0" chnl="15" />
    <char id="8249" x="92" y="1530" width="87" height="123" xoffset="-3" yoffset="89" xadvance="81" page="0" chnl="15" />
    <char id="8250" x="0" y="1531" width="87" height="123" xoffset="-3" yoffset="89" xadvance="81" page="0" chnl="15" />
    <char id="8260" x="1841" y="445" width="113" height="183" xoffset="3" yoffset="35" xadvance="92" page="0" chnl="15" />
    <char id="8364" x="2035" y="630" width="133" height="174" xoffset="-3" yoffset="37" xadvance="129" page="0" chnl="15" />
    <char id="8482" x="1715" y="1473" width="178" height="95" xoffset="-3" yoffset="66" xadvance="178" page="0" chnl="15" />
    <char id="8722" x="1789" y="1573" width="124" height="45" xoffset="0" yoffset="125" xadvance="123" page="0" chnl="15" />
    <char id="64256" x="1441" y="634" width="176" height="175" xoffset="-3" yoffset="36" xadvance="170" page="0" chnl="15" />
    <char id="64257" x="175" y="649" width="151" height="176" xoffset="-3" yoffset="36" xadvance="150" page="0" chnl="15" />
    <char id="64258" x="0" y="652" width="170" height="176" xoffset="-3" yoffset="36" xadvance="164" page="0" chnl="15" />
    <char id="64259" x="1211" y="638" width="225" height="175" xoffset="-3" yoffset="36" xadvance="224" page="0" chnl="15" />
  </chars>
</font>
